ジャンル,HTML名,タイトル
シノビガミ,断罪部屋.html,断罪
シノビガミ,楽園.html,楽園
シノビガミ,杜若.html,五月雨滴る杜若
シノビガミ,月光暗影.html,月光に渇きし暗影
シノビガミ,朝晨星_紅織.html,朝晨星
CoC,Doll.html,Doll
CoC,ひとつは薄紅、ふたつは真紅.html,ひとつは薄紅、ふたつは真紅
CoC,もっとたべたい.html,もっとたべたい（revenge）
CoC,ガレッド.html,ガレットデロワ
CoC,トロイメライ.html,口無し花ののトロイメライ
CoC,階段の怪談.html,ある学校の階段の怪談
CoC,愛すべき馬鹿.html,愛すべき馬鹿と知的な時を
CoC,誰為.html,誰が為に歌われる
CoC,スケベ密室.html,理不尽スケベ密室
CoC,水底.html,水底から呼ぶ者
CoC,鬼ノ怪.html,鬼ノ怪
CoC,パン屋.html,パン屋での戦い～トングをカチカチいわせろ～
CoC,金縷梅.html,亡霊の屋敷-金縷梅の冀望-
CoC,胡蝶.html,胡蝶は誰が為に夢を見る
CoC,探索者なんだからカレーライスくらい作れるよね！.html,探索者なんだからカレーライスくらい作れるよね！
CoC,赤ずきん殺人事件.html,赤ずきん殺人事件
CoC,草取村.html,イート・アンド・ウォーカーズ-草取村の疑惑-
CoC,巡る妖精.html,巡る妖精
CoC,ランタン.html,ランタンの灯りは夜の明けない街に灯る
CoC,白の囚人.html,白の囚人
CoC,鮫ゾンビ.html,ナチスシャークvsゾンビ
CoC,あの夏、お姉様.html,あの夏、お姉様と湖のほとりで
CoC,ブッチャーレストラン.html,ブッチャーのおいしいレストラン
CoC,ハロウィン.html,ハロウィンタウンとみっつの試練
CoC,寄る辺.html,寄る辺なきものたちの楽園
CoC,マッスル.html,マッスルカフェ
CoC,スケベ館.html,理不尽スケベの館
CoC,T高.html,都市伝説『T高のU子さん』
CoC,豆腐.html,究極の豆腐よ、きたれぇ！
CoC,パラノイド.html,パラノイドたちの密会
CoC,1D100.html,「えっ、お前まだ1d100クラスに会ったことないの！？」
CoC,タピオカ.html,タピオカVS宇宙的恐怖
CoC,シュブシュブ.html,今夜はワクワク！シュブ＝ニグラス・クイズ
CoC,終末婚1章.html,酒池肉林ファンタスマゴリア
CoC,相克.html,消防車・たらこ・滝・火炎放射器
CoC,MMM.html,「MMM！」
CoC,狂気山脈.html,狂気山脈～邪神の山嶺～
CoC,小鳥の夢.html,小鳥の夢はいずこへ
CoC,密室2.html,理不尽スケベ密室
CoC,レンブン.html,レンジでブン！
CoC,N川.html,N川殺人事件
CoC,パーリィ.html,Welcom to NIGHT×PARTY！
CoC,誰ロク.html,誰がロックを殺すのか
CoC,ふしぎな研究棟.html,『ふしぎな不思議な研究棟』
CoC,NO_BEAM_NO_LIFE_1.html,NO_BEAM_NO_LIFE vol.1
CoC,底にいる.html,底にいる
CoC,更生る.html,更生る（いきかえる）
CoC,ビーム2.html,NO_BEAM_NO_LIFE vol.2
エモクロア,きさらぎ.html,新約・きさらぎ駅1
エモクロア,きさらぎ2.html,新約・きさらぎ駅2
エモクロア,オリカミ.html,オリカミ
エモクロア,BB.html,BB with the TIME MACHINE
その他TRPG,The_3rd_Seal .html,ナイトウィザードThe_3rd_Seal